<ui:UiBinder xmlns:ui='urn:ui:com.google.gwt.uibinder'
	xmlns:g='urn:import:com.google.gwt.user.client.ui' 
	xmlns:imo='urn:import:org.imogene.web.client.ui.field'
	xmlns:imo2='urn:import:org.imogene.web.client.ui.field.error'
	xmlns:imo3='urn:import:org.imogene.web.client.ui.field.widget'>

	<ui:style>
		.imogene-FormText {
			border: 1px solid #777777;
			color: #444444;
			font-size: 12px;
			padding: 2px;
			margin: 0px;
			background-color: #FFFFFF;
			width: 200px;
		}

		.imogene-FormText2 {
			margin-bottom: 2px;
		}
		
		.imogene-FormText-disabled {
			background-color: #f2f2f2;
		}
		
		.imogene-AddressIcon {
			vertical-align: middle;
			margin-left: 2px;
			margin-bottom: 4px;
		}
		
		.imogene-AddressIcon-clickable {
			cursor: pointer;
			cursor: hand;
		}
		@external .imogene-FormText, .imogene-FormText-disabled, .imogene-AddressIcon, .imogene-AddressIcon-clickable;
	</ui:style>

	<imo:ImogFieldAbstract ui:field="fieldBox">

		<g:HorizontalPanel verticalAlignment="middle">

			<g:cell verticalAlignment="middle">
				<g:VerticalPanel>
					<imo2:ImogErrorLabel ui:field="errorLabel" />
					
					<g:HorizontalPanel stylePrimaryName="{style.imogene-FormText2}">
					    <g:cell verticalAlignment="middle" horizontalAlignment="left">
					        <g:Label ui:field="labelLong" width="40px"/>
					    </g:cell>					    
					    <imo3:ImogDblBox ui:field="textBoxLong" stylePrimaryName="{style.imogene-FormText}" />
					</g:HorizontalPanel>
					
					<g:HorizontalPanel>
					    <g:cell verticalAlignment="middle" horizontalAlignment="left">
					    	<g:Label ui:field="labelLat" width="40px"/>
					    </g:cell>
					    <imo3:ImogDblBox ui:field="textBoxLat" stylePrimaryName="{style.imogene-FormText}" />
					</g:HorizontalPanel>
					
				</g:VerticalPanel>
			</g:cell>

			<g:cell verticalAlignment="middle" width="24px">
				<g:Image ui:field="viewOnMap" stylePrimaryName="{style.imogene-AddressIcon}" />
			</g:cell>

		</g:HorizontalPanel>

	</imo:ImogFieldAbstract>


</ui:UiBinder>