<ui:UiBinder xmlns:ui='urn:ui:com.google.gwt.uibinder'
	xmlns:g='urn:import:com.google.gwt.user.client.ui' xmlns:imo='urn:import:org.imogene.web.client.ui.field'
	xmlns:imo2='urn:import:org.imogene.web.client.ui.field.error'>

	<ui:style>
		.imogene-FormText {
			border: 1px solid #777777;
			color: #444444;
			font-size: 12px;
			padding: 2px;
			margin: 0px;
			background-color: #FFFFFF;
			width: 200px;
		}
		
		.imogene-FormText-disabled {
			background-color: #f2f2f2;
		}
		
		.imogene-EmailIcon {
			vertical-align: middle;
			margin-left: 2px;
			margin-bottom: 4px;
		}
		
		.imogene-EmailIcon-clickable {
			cursor: pointer;
			cursor: hand;
		}
		@external .imogene-FormText, .imogene-FormText-disabled, .imogene-EmailIcon, .imogene-EmailIcon-clickable;
	</ui:style>

	<imo:ImogFieldAbstract ui:field="fieldBox">

		<g:HorizontalPanel verticalAlignment="middle">

			<g:cell verticalAlignment="middle">
				<g:VerticalPanel>
					<imo2:ImogErrorLabel ui:field="errorLabel" />
					<g:TextBox ui:field="textBox" stylePrimaryName="{style.imogene-FormText}" />
				</g:VerticalPanel>
			</g:cell>

			<g:cell verticalAlignment="middle" width="24px">
				<g:Image ui:field="email" stylePrimaryName="{style.imogene-EmailIcon}" />
			</g:cell>

		</g:HorizontalPanel>

	</imo:ImogFieldAbstract>


</ui:UiBinder>