<ui:UiBinder xmlns:ui='urn:ui:com.google.gwt.uibinder'
	xmlns:g='urn:import:com.google.gwt.user.client.ui' 
	xmlns:imo='urn:import:org.imogene.web.client.ui.field'
	xmlns:imo1='urn:import:org.imogene.web.client.ui.field.relation.single'
	xmlns:imo2='urn:import:org.imogene.web.client.ui.field.relation.multi'
	xmlns:imo3="urn:import:org.imogene.web.client.ui.field.group"
	xmlns:imo4="urn:import:org.imogene.web.client.ui.field.binary">		

	<ui:style>
		.imogene-form {
			width: 100%;
			vertical-align: top;
		}
		
		.imogene-fieldTable {
			width: 100%;
			border-spacing: 10px 0px;
		}
		
		.imogene-field {
			margin-left: 10px;
		}
		
		.dependentVisibility {
			padding-left: 20px;
			background: url(images/arrow-18.png) no-repeat;
			background-position: 0% 50%;	
		}

		@external .dependentVisibility;
	</ui:style>


	<g:VerticalPanel stylePrimaryName="{style.imogene-form}">
	
	
	<!-- Identification section widgets -->
		<imo3:FieldGroupPanel ui:field="identificationSection">
	
			<g:SimplePanel stylePrimaryName="{style.imogene-field}">
				<imo:ImogTextBox ui:field="fieldName" />
			</g:SimplePanel>
			<g:SimplePanel stylePrimaryName="{style.imogene-field}">
				<imo:ImogSingleEnumBox ui:field="fieldType" />
			</g:SimplePanel>
			<g:SimplePanel stylePrimaryName="{style.imogene-field}">
				<imo:ImogTextAreaBox ui:field="parameters" />
			</g:SimplePanel>
			<g:SimplePanel stylePrimaryName="{style.imogene-field}">
				<imo:ImogSingleEnumBox ui:field="formType" />
			</g:SimplePanel>
<!-- 			<g:SimplePanel stylePrimaryName="{style.imogene-field}">
				<imo1:ImogSingleRelationBox ui:field="templateCreator" />
			</g:SimplePanel> -->
			<g:SimplePanel stylePrimaryName="{style.imogene-field}">
				<imo:ImogTextAreaBox ui:field="description" />
			</g:SimplePanel>
			<g:SimplePanel stylePrimaryName="{style.imogene-field}">
				<imo:ImogTextAreaBox ui:field="reason" />
			</g:SimplePanel>
			<g:SimplePanel stylePrimaryName="{style.imogene-field}">
				<imo:ImogBooleanBox ui:field="isDefault" />
			</g:SimplePanel>

		</imo3:FieldGroupPanel>	
	
	<!-- Properties section widgets -->
		<imo3:FieldGroupPanel ui:field="propertiesSection">
	
			<g:SimplePanel stylePrimaryName="{style.imogene-field}">
				<imo:ImogBooleanBox ui:field="requiredValue" />
			</g:SimplePanel>
			<g:SimplePanel stylePrimaryName="{style.imogene-field}">
				<imo:ImogIntegerBox ui:field="fieldPosition" />
			</g:SimplePanel>
			<g:SimplePanel stylePrimaryName="{style.imogene-field}">
				<imo:ImogTextBox ui:field="minimumValue" />
			</g:SimplePanel>
			<g:SimplePanel stylePrimaryName="{style.imogene-field}">
				<imo:ImogTextBox ui:field="maximumValue" />
			</g:SimplePanel>
			<g:SimplePanel stylePrimaryName="{style.imogene-field}">
				<imo:ImogTextBox ui:field="defaultValue" />
			</g:SimplePanel>

		</imo3:FieldGroupPanel>	
	
	<!-- Administration section widgets -->
		<imo3:FieldGroupPanel ui:field="administrationSection">
	
			<g:SimplePanel stylePrimaryName="{style.imogene-field}">
				<imo:ImogBooleanBox ui:field="allUsers" />
			</g:SimplePanel>
			<g:SimplePanel stylePrimaryName="{style.imogene-field}">
				<imo:ImogBooleanBox ui:field="isActivated" />
			</g:SimplePanel>

		</imo3:FieldGroupPanel>	
		
	
	</g:VerticalPanel>
	
	
	<!-- if table with columns -->
	
	<!--
	
			<g:Grid stylePrimaryName="{style.imogene-fieldTable}">
				<g:row>
					<g:customCell>
						<imo:ImogIntegerBox ui:field="floor" />
					</g:customCell>
					<g:customCell>
						<imo:ImogTimeBox ui:field="visitTime" />
					</g:customCell>
				</g:row>

				<g:row>
					<g:customCell>
						<imo:ImogBooleanBox ui:field="isBooked" />
					</g:customCell>
					<g:customCell>
						<imo:ImogSingleEnumBox ui:field="type" />
					</g:customCell>
				</g:row>

				<g:row>
					<g:customCell>
						<imo:ImogMultiEnumBox ui:field="colors" />
					</g:customCell>
					<g:customCell>
						<imo:ImogTextBox ui:field="comment" />
					</g:customCell>
				</g:row>

				<g:row>
					<g:customCell>
						<imo:ImogAddressBox ui:field="address" />
					</g:customCell>
					<g:customCell>
						<imo:ImogEmailBox ui:field="email" />
					</g:customCell>
				</g:row>
			</g:Grid>	
	-->		

</ui:UiBinder>
