<!DOCTYPE ui:UiBinder SYSTEM "http://dl.google.com/gwt/DTD/xhtml.ent">
<ui:UiBinder xmlns:ui="urn:ui:com.google.gwt.uibinder"
	xmlns:g="urn:import:com.google.gwt.user.client.ui">

	<ui:style src="../../css/ImogCss.css">
		.imogene-WrapperPanel {
			height: 100%;
			width: 100%;
		}
		
		.imogene-WrapperPanel-default {
		}
		
		.imogene-TableHeader-default {
			
		}
		
		@if user.agent ie6 ie8 ie9 {
			.imogene-TableHeader {
				width: 99%;
				height: 46px;
				vertical-align: middle;
			}		
		}
		@else {
			.imogene-TableHeader {
				width: 100%;
				height: 30px;
				vertical-align: middle;
				margin-bottom: 20px;
			}
		}
		
		.imogene-messageLabel {
			font-size: 14px;
			font-weight: bold;
			color: #C43C35;
		}

		.imogene-TableTitle {
			font-size: 20px;
			font-weight: bold;
			text-shadow: 0 1px 0 rgba(150, 150, 150, 0.5);
			margin-right: 5px;
		}

		@if user.agent ie6 ie8 ie9 {
			.headerWidgetPanel {
				margin-right: 5px;
			}
			.iconMagin {
				margin-left: 5px;
			}	
		}
		@else {
			.headerWidgetPanel {
			}
			.iconMagin {
			}
		}

		.imogene-scroll {
			width: 100%;
			/*height: 95%;*/
		}
	
		.imogene-main {
			width: 99%;
			height: 100%;
			padding-bottom: 10%;
		}

		@external .imogene-WrapperPanel, .imogene-WrapperPanel-default, .imogene-TableHeader, .imogene-TableHeader-default, .iconMagin;
	</ui:style>


	<g:VerticalPanel ui:field="layout"
		stylePrimaryName="{style.imogene-WrapperPanel}" horizontalAlignment="center">

		<g:cell horizontalAlignment="center">
			<g:HorizontalPanel ui:field="titlePanel" styleName="{style.imogenePanel} {style.imogene-TableHeader}">
							
				<g:cell verticalAlignment="middle" >
					<g:Label ui:field="titleLabel" stylePrimaryName="{style.imogene-TableTitle}" />
				</g:cell>
				<g:cell verticalAlignment="middle" >
					<g:Label ui:field="messageLabel" stylePrimaryName="{style.imogene-messageLabel}" />
				</g:cell>
				<g:cell verticalAlignment="middle" horizontalAlignment="right"	>
					<g:HorizontalPanel ui:field="headerWidgetPanel" styleName="{style.headerWidgetPanel}"/>
				</g:cell>
			</g:HorizontalPanel>
		</g:cell>
		
		<g:cell horizontalAlignment="center" width="100%" height="100%">
			<g:ScrollPanel ui:field="scrollPanel"  styleName="{style.pageBackground} {style.imogene-scroll}">
		
				<g:VerticalPanel ui:field="panelContent" stylePrimaryName="{style.imogene-main}">			    
				</g:VerticalPanel>
			</g:ScrollPanel>		    
		</g:cell>

	</g:VerticalPanel>


</ui:UiBinder> 