<!DOCTYPE ui:UiBinder SYSTEM "http://dl.google.com/gwt/DTD/xhtml.ent">
<ui:UiBinder xmlns:ui="urn:ui:com.google.gwt.uibinder"
	xmlns:g="urn:import:com.google.gwt.user.client.ui">

	<ui:style src="../../../css/ImogCss.css">
		.imogene-fieldGroup-disclosurePanel { 
			width: 100%;
			margin-bottom: 15px;
			float: left;
		}
		
		.imogene-fieldGroup-disclosurePanel a {
			text-decoration: none;
		}

		@if user.agent ie6 ie8 ie9 {
			.imogene-fieldGroupTitle {
				font-size: 18px;
				font-weight: bold;
				color: textColor;
				border-bottom: 2px solid PanelBorder;
				margin-left: 10px;
				margin-right: 10px;
				margin-top: 5px;
				margin-bottom: 5px;
			}
		}
		@else {
			.imogene-fieldGroupTitle {
				font-size: 18px;
				font-weight: bold;
				color: textColor;
				border-bottom: 2px solid PanelBorder;
				margin-left: 10px;
				margin-right: 10px;
			}
		}	
		
		@if user.agent ie6 ie8 ie9 {
			.imogene-fieldGroupContent {
				width: 100%;
				height: 100%;
				vertical-align: top;
				margin-left: 20px;
				margin-right: 20px;
				margin-top: 5px;
				margin-bottom: 5px;
			}
		}
		@else {
			.imogene-fieldGroupContent {
				width: 100%;
				height: 100%;
				vertical-align: top;
				padding-left: 20px;
				padding-right: 20px;
				padding-top: 5px;
				/*padding-bottom: 10px;*/
			}
		}
		

		/*@external .imogene-fieldGroup-disclosurePanel, .imogene-fieldGroup-disclosurePanel a;*/
	</ui:style>

	<g:DisclosurePanel ui:field="disclosurePanel" stylePrimaryName="{style.imogenePanel} {style.imogene-fieldGroup-disclosurePanel}" animationEnabled="true" open="true" >
		<g:customHeader>
			<g:Label ui:field="groupTitle" stylePrimaryName="{style.imogene-fieldGroupTitle}" />
		</g:customHeader>
		<g:VerticalPanel ui:field="groupBody" stylePrimaryName="{style.imogene-fieldGroupContent}" />
	</g:DisclosurePanel>

</ui:UiBinder> 

