<ui:UiBinder xmlns:ui='urn:ui:com.google.gwt.uibinder'
	xmlns:g='urn:import:com.google.gwt.user.client.ui'
	xmlns:imo='urn:import:org.imogene.web.client.ui.field'
	xmlns:imo2='urn:import:org.imogene.web.client.ui.field.error'>

	<ui:style>
		
		.imogene-FormSingleEnum {
			border: 1px solid #777777;
			color: #444444;
			font-size: 12px;
			margin: 0px;
			background-color: #FFFFFF;
			width: 205px;
			height: 20px;
		}
		
		.imogene-FormSingleEnum-disabled {
			background-color: #f2f2f2;
		}
				
		@external .imogene-FormSingleEnum, .imogene-FormSingleEnum-disabled;
	</ui:style>


	<imo:ImogFieldAbstract ui:field="fieldBox">
		
		<g:VerticalPanel>

			<imo2:ImogErrorLabel ui:field="errorLabel" />
			
			<g:ListBox ui:field="listBox" stylePrimaryName="{style.imogene-FormSingleEnum}" />

		</g:VerticalPanel>

	</imo:ImogFieldAbstract>






</ui:UiBinder>