<?xml version="1.0" encoding="iso-8859-1"?>
<beans xmlns="http://www.springframework.org/schema/beans"
	xmlns:xsi="http://www.w3.org/2001/XMLSchema-instance" xmlns:tx="http://www.springframework.org/schema/tx"
	xmlns:context="http://www.springframework.org/schema/context"
	xsi:schemaLocation="
     http://www.springframework.org/schema/beans 
     http://www.springframework.org/schema/beans/spring-beans-3.0.xsd
     http://www.springframework.org/schema/tx
     http://www.springframework.org/schema/tx/spring-tx-3.0.xsd
     http://www.springframework.org/schema/context
     http://www.springframework.org/schema/context/spring-context-3.0.xsd">

	<!-- Annotations Scan -->
	<context:annotation-config />

	<!-- Application properties -->
	<bean id="propertyConfigurer"
		class="org.springframework.beans.factory.config.PropertyPlaceholderConfigurer">
		<property name="location">
			<value>application.properties</value>
		</property>
	</bean>

	<!-- C3PO data source -->
	<bean id="dataSource" class="com.mchange.v2.c3p0.ComboPooledDataSource"
		destroy-method="close">
		<property name="driverClass" value="${jdbc.driverClassName}" />
		<property name="jdbcUrl" value="${jdbc.url}" />
		<property name="user" value="${jdbc.username}" />
		<property name="password" value="${jdbc.password}" />
		<!-- C3PO configuration -->
		<property name="acquireIncrement" value="1" />
		<property name="minPoolSize" value="3" />
		<property name="maxPoolSize" value="20" />
		<property name="maxStatements" value="0" />
		<property name="idleConnectionTestPeriod" value="30" />
	</bean>

	<!-- Hibernate JPA adapter -->
	<bean id="jpaAdapter"
		class="org.springframework.orm.jpa.vendor.HibernateJpaVendorAdapter">
		<property name="databasePlatform" value="${hibernate.dialect}" />
	</bean>

	<!-- JPA session factory -->
	<bean id="entityManagerFactory"
		class="org.springframework.orm.jpa.LocalContainerEntityManagerFactoryBean">
		<property name="persistenceUnitName" value="initializer" />
		<property name="dataSource" ref="dataSource" />
		<property name="jpaVendorAdapter" ref="jpaAdapter" />
		<property name="jpaProperties">
			<props>
				<prop key="javax.persistence.validation.mode">none</prop>
				<prop key="hibernate.show_sql">false</prop>
				<prop key="hibernate.format_sql">false</prop>
				<prop key="hibernate.generate_statistics">false</prop>
				<prop key="hibernate.hbm2ddl.auto">update</prop>
				<prop key="hibernate.connection.release_mode">after_transaction</prop>
			</props>
		</property>
	</bean>

	<!-- Transaction manager for the Jpa entity manager factory -->
	<bean id="transactionManager" class="org.springframework.orm.jpa.JpaTransactionManager">
		<property name="entityManagerFactory" ref="entityManagerFactory" />
	</bean>

	<!-- Annotations Support -->
	<tx:annotation-driven transaction-manager="transactionManager" />
	<bean
		class="org.springframework.orm.jpa.support.PersistenceAnnotationBeanPostProcessor" />

	<!-- -->
	<!-- DAO layer configuration -->
	<!-- -->

	<!-- Generic dao -->
	<bean id="genericDao" class="org.imogene.lib.common.dao.GenericDaoImpl" />

	<bean id="initializer" class="org.imogene.initializer.InitializerImpl" />

</beans>