<ui:UiBinder xmlns:ui='urn:ui:com.google.gwt.uibinder'
	xmlns:g='urn:import:com.google.gwt.user.client.ui'
	xmlns:imo='urn:import:org.imogene.web.client.ui.field' 
	xmlns:cv='urn:import:com.google.gwt.user.cellview.client'
	xmlns:imo-p='urn:import:org.imogene.web.client.ui.table.pager'>

	<ui:style src="../../../../../css/ImogCss.css">
		.PopupPanel { /*border-right: 0px solid #777777;*/ /*border: 0px;*/
			padding: 0px;
			background-color: #FFFFFF;
			width: 212px;
			border: 1px solid #777777;
			-moz-box-shadow: 5px 5px 5px #888;
			-webkit-box-shadow: 5px 5px 5px #888;
			box-shadow: 5px 5px 5px #888;
			z-index: 8;
		}
		
		.PopupPanel-content {
			/*background-color: #fff;*/
			color: #444444;
			font-size: 12px;
			/*background-color: #f2f2f2;*/
		}
		
		.PopupPanel-Listbox {
			border-bottom: 1px solid #777777;
			border-top: 0px;
			border-right: 0px;
			border-left: 0px;
			color: #444444;
			width: 212px;
			font-size: 12px;
			margin: 0px;
			/*background-color: #dddddd;*/
			background-color: #f2f2f2;
			height: 180px;
		}
		
		.PopupPanel-Pager {
			display: inline;
			width: 100%;
			text-align: left;
		}

	</ui:style>

	<g:PopupPanel ui:field="popup" stylePrimaryName="{style.PopupPanel}">

		<g:VerticalPanel stylePrimaryName="{style.PopupPanel-content}"
			spacing="0">

			<g:cell height="180px">
				<cv:DataGrid ui:field="table" stylePrimaryName="{style.PopupPanel-Listbox}" />
			</g:cell>

			<g:cell horizontalAlignment="left">
				<g:SimplePanel width="100%" >
					<imo-p:ImogSimplePager ui:field="pager"
						stylePrimaryName="{style.PopupPanel-Pager}" display="{table}" textSize="12px"/>
				</g:SimplePanel>
			</g:cell>

		</g:VerticalPanel>

	</g:PopupPanel>


</ui:UiBinder>