<?xml version="1.0" encoding="UTF-8"?>
<!DOCTYPE module PUBLIC "-//Google Inc.//DTD Google Web Toolkit 1.7.0//EN" "http://google-web-toolkit.googlecode.com/svn/tags/1.7.0/distro-source/core/src/gwt-module.dtd">

<module rename-to='webtest'>                     
  <inherits name='com.google.gwt.user.User'/>
  <inherits name="com.google.gwt.i18n.I18N"/>
  <inherits name='com.google.gwt.editor.Editor' />
  <inherits name='com.google.gwt.logging.Logging'/>
  
  <inherits name="gwtupload.GWTUpload"/>
  <inherits name='com.allen_sauer.gwt.voices.gwt-voices'/>

  <!-- Inherit the default GWT style sheet.  You can change       -->
  <!-- the theme of your GWT application by uncommenting          -->
  <!-- any one of the following lines.                            -->
<!--   <inherits name='com.google.gwt.user.theme.clean.Clean'/> -->
  <!-- <inherits name='com.google.gwt.user.theme.standard.Standard'/> -->
  <!-- <inherits name='com.google.gwt.user.theme.chrome.Chrome'/> -->
  <!-- <inherits name='com.google.gwt.user.theme.dark.Dark'/>     -->

  <!-- Other module inherits                                      -->
  
  
<!--   <set-property name="user.agent" value="gecko1_8,opera,safari,ie6,ie8"/> -->

  <!-- Specify the paths for translatable code                    -->
  <source path='client'/>
  <source path='shared'/>

</module>
