<ui:UiBinder xmlns:ui='urn:ui:com.google.gwt.uibinder'
	xmlns:g='urn:import:com.google.gwt.user.client.ui'
	xmlns:imo='urn:import:org.imogene.web.client.ui.field' 
	xmlns:cv='urn:import:com.google.gwt.user.cellview.client'
	xmlns:imo-p='urn:import:org.imogene.web.client.ui.table.pager'>

	<ui:style src="../../../../css/ImogCss.css">
		.PopupPanel { /*border-right: 0px solid #777777;*/ /*border: 0px;*/
			padding: 0px;
			background-color: #FFFFFF;
			width: 212px;
			border: 1px solid #777777;
			-moz-box-shadow: 5px 5px 5px #888;
			-webkit-box-shadow: 5px 5px 5px #888;
			box-shadow: 5px 5px 5px #888;
			z-index: 8;
		}
		
		.PopupPanel-content {
			/*background-color: #fff;*/
			color: #444444;
			font-size: 12px;
			/*background-color: #f2f2f2;*/
		}
		
		.PopupPanel-Listbox {
			border-bottom: 1px solid #777777;
			border-top: 0px;
			border-right: 0px;
			border-left: 0px;
			color: #444444;
			width: 212px;
			font-size: 12px;
			margin: 0px;
			/*background-color: #dddddd;*/
			background-color: #f2f2f2;
			height: 180px;
		}
		
		.PopupPanel-Pager {
			display: inline;
			width: 100%;
			text-align: left;
		}
		
		.Filter-TextBox {
			border: 1px solid #777777;
			color: #444444;
			padding-left: 2px;
			font-size: 12px;
			margin-left: 2px;
			vertical-align: middle;
		}
		
		/*.PopupPanel-Button-Search {
			color: #fff;
			background-color: #777777;
			padding-left: 4px;
			padding-right: 4px;
			padding-top: 1px;
			padding-bottom: 1px;
			cursor: pointer;
			border: 1px solid #777777;
			vertical-align: middle;
		}			
		
		.PopupPanel-Button-Search .html-face{
			font-size: 12px;
		}*/

		.searchPanel {
			padding: 2px;
		}

		.searchLabel {
			font-size: 12px;
		}
		
		.searchButton {
			height: 14px;
			width: 14px;
			text-align: center;
			-webkit-border-radius: 7px;
			-moz-border-radius: 7px;
			border-radius: 7px;
			font-size: 12px;
			padding: 1px 2px 2px 2px;
			/*padding: 2px;*/
			margin-left: 2px;
		}
		
		/*@external .PopupPanel-Button-Search, .PopupPanel-Button-Search .html-face;*/
	</ui:style>

	<g:PopupPanel ui:field="popup" stylePrimaryName="{style.PopupPanel}">

		<g:VerticalPanel stylePrimaryName="{style.PopupPanel-content}"
			spacing="0">

			<g:cell height="180px">
				<cv:DataGrid ui:field="table" stylePrimaryName="{style.PopupPanel-Listbox}" />
			</g:cell>

			<g:cell horizontalAlignment="left">
				<g:SimplePanel width="100%" >
					<imo-p:ImogSimplePager ui:field="pager"
						stylePrimaryName="{style.PopupPanel-Pager}" display="{table}" textSize="12px"/>
				</g:SimplePanel>
			</g:cell>

			<g:cell horizontalAlignment="left">
			    
				<g:VerticalPanel styleName="{style.searchPanel}" horizontalAlignment="left" verticalAlignment="middle">
					<g:Label ui:field="searchLabel" styleName="{style.searchLabel}"/>
					<g:HorizontalPanel verticalAlignment="middle">
						<g:cell verticalAlignment="middle">
							<g:TextBox ui:field="valueFilter" styleName="{style.Filter-TextBox}" />
						</g:cell>
						<g:cell verticalAlignment="middle">
							<g:PushButton ui:field="filterButton" text="ok" styleName="{style.imogButton} {style.searchButton}" />
						</g:cell>
					</g:HorizontalPanel>
				</g:VerticalPanel>			    
			    			    
			    
<!-- 				<g:HorizontalPanel horizontalAlignment="left" verticalAlignment="middle" spacing="2">
					<g:TextBox ui:field="valueFilter" stylePrimaryName="{style.Filter-TextBox}" />
					<g:PushButton ui:field="filterButton"
						styleName="{style.imogButton} {style.searchButton}" />
				</g:HorizontalPanel> -->
			</g:cell>

		</g:VerticalPanel>

	</g:PopupPanel>


</ui:UiBinder>