<!DOCTYPE ui:UiBinder SYSTEM "http://dl.google.com/gwt/DTD/xhtml.ent">
<ui:UiBinder xmlns:ui="urn:ui:com.google.gwt.uibinder"
	xmlns:g="urn:import:com.google.gwt.user.client.ui" xmlns:imo='urn:import:org.imogene.web.client.ui.menu'>

	<ui:style src="../../css/ImogCss.css">
	
		.imogene-ContentComposite {
			width: 90%;
			margin-left: 30px;
			margin-right: 30px;
			margin-top: 10px;
			margin-bottom: 10px;
			height: 100%;
			/*text-align: center;
			vertical-align: top;*/
		}
		
		/*.imogene-MenuComposite {
			width: 150px;
			height: 100%;		
			margin-top: 25px;
			margin-right: 0px;
			padding-right: 0px;
			spacing: 0px;
			vertical-align: top;			
		}*/
		
	</ui:style>

	<g:HorizontalPanel ui:field="layout" styleName="{style.pageBackground} {style.imogene-ContentComposite}" horizontalAlignment="center" verticalAlignment="top">
		<!-- <g:VerticalPanel ui:field="leftSide" styleName="{style.pageBackground}" height="100%" verticalAlignment="top"> -->
		
<!-- 			<g:SimplePanel ui:field="specific"></g:SimplePanel> -->

			<!-- <imo:MainMenu ui:field="mainMenu" styleName="{style.panelBackground} {style.imogene-MenuComposite}"/> -->

		<!-- </g:VerticalPanel> -->

	</g:HorizontalPanel>
	

</ui:UiBinder> 