<!DOCTYPE ui:UiBinder SYSTEM "http://dl.google.com/gwt/DTD/xhtml.ent">
<ui:UiBinder xmlns:ui="urn:ui:com.google.gwt.uibinder"
	xmlns:g="urn:import:com.google.gwt.user.client.ui">
	<ui:style>
		.message {
			font-weight: bold;
			color: #eb8e16;
			margin-left: 5px;
		}
		
		.messageCount {
			margin-left: 5px;
			font-size: small;
			color: #eb8e16;
			font-style: italic;
		}
		
		.messagesPanel{		
			margin-left: 100px;
		}		
		
		.messageDelete {
			margin-left:2px;
			cursor: pointer;
			cursor: hand;
			width: 10px;		
			vertical-align: middle;
		}
		
	</ui:style>
	<g:VerticalPanel>
		<g:HorizontalPanel ui:field="messagesPanel" stylePrimaryName="{style.messagesPanel}" verticalAlignment="middle">
			<g:cell verticalAlignment="middle" height="100%">
				<g:Image ui:field="deleteMessage" stylePrimaryName="{style.messageDelete}"/>
			</g:cell>						
			<g:cell verticalAlignment="middle">
				<g:Label ui:field="displayedMessage" stylePrimaryName="{style.message}"/>				
			</g:cell>
			<g:cell verticalAlignment="middle">
				<g:Label ui:field="messageCount" stylePrimaryName="{style.messageCount}"/>
			</g:cell>					
		</g:HorizontalPanel>		
	</g:VerticalPanel>
</ui:UiBinder> 