<ui:UiBinder xmlns:ui='urn:ui:com.google.gwt.uibinder'
	xmlns:g='urn:import:com.google.gwt.user.client.ui'
	xmlns:imo='urn:import:org.imogene.web.client.ui.field'
	xmlns:imo2='urn:import:org.imogene.web.client.ui.field.error'
	xmlns:imo3='urn:import:org.imogene.web.client.ui.field.widget'>

	<ui:style>
		.errorLabel {
			color: red;
			font-weight: bold;
			font-size: 10px;
			display: none;
			white-space: pre;
		}
		
		.imogene-FormText {
			color: #444444;
			font-size: 12px;
			margin: 0px;
			height:	20px;
		}
		
	</ui:style>


	<imo:ImogFieldAbstract ui:field="fieldBox">
		
		<g:VerticalPanel>

			<imo2:ImogErrorLabel ui:field="errorLabel" />
			
			<imo3:ImogTimePicker ui:field="timeBox" stylePrimaryName="{style.imogene-FormText}"/>

		</g:VerticalPanel>

	</imo:ImogFieldAbstract>






</ui:UiBinder>