<?xml version="1.0" encoding="UTF-8"?>
<beans:beans xmlns="http://www.springframework.org/schema/security"
	xmlns:beans="http://www.springframework.org/schema/beans"
	xmlns:xsi="http://www.w3.org/2001/XMLSchema-instance"
	xsi:schemaLocation="http://www.springframework.org/schema/beans
	http://www.springframework.org/schema/beans/spring-beans-3.0.xsd
	http://www.springframework.org/schema/security
	http://www.springframework.org/schema/security/spring-security-3.1.xsd">

	<global-method-security pre-post-annotations="enabled" />

	<!-- <http auto-config="true"> -->
	<http use-expressions="true">
		<intercept-url pattern="/**" access="isAuthenticated()" />
		<http-basic />
	</http>

	<beans:bean id="passwordEncoder" class="org.springframework.security.authentication.encoding.ShaPasswordEncoder">
		<beans:constructor-arg value="256"/>
		<beans:property name="encodeHashAsBase64" value="true"/>
	</beans:bean>
	
	<authentication-manager>	
		<authentication-provider user-service-ref="imogSecurityDetailService">
			<password-encoder ref="passwordEncoder">
				<salt-source user-property="username"/>
			</password-encoder>			
		</authentication-provider>
	</authentication-manager>	

	<!--
		Usernames/Passwords are rod/koala dianne/emu scott/wombat peter/opal
	-->

	<!--
		<authentication-manager> <authentication-provider> <password-encoder
		hash="md5"/> <user-service> <user name="rod"
		password="a564de63c2d0da68cf47586ee05984d7"
		authorities="ROLE_SUPERVISOR, ROLE_USER, ROLE_TELLER" /> <user
		name="dianne" password="65d15fe9156f9c4bbffd98085992a44e"
		authorities="ROLE_USER,ROLE_TELLER" /> <user name="scott"
		password="2b58af6dddbd072ed27ffc86725d7d3a" authorities="ROLE_USER" />
		<user name="peter" password="22b5c9accc6e1ba628cedc63a72d57f8"
		authorities="ROLE_USER" /> </user-service> </authentication-provider>
		</authentication-manager>
	-->

</beans:beans>