<ui:UiBinder xmlns:ui='urn:ui:com.google.gwt.uibinder'
	xmlns:g='urn:import:com.google.gwt.user.client.ui'>

	<ui:style>
		.dynatable-filterPanel {
			padding: 5px 7px 5px 5px;
		}
		
		.Dynatable-Button-Search {
			cursor: pointer;
			display: inline-block;
			background-color: #E6E6E6;
			background-repeat: no-repeat;
			background-image: literal("-webkit-gradient(") linear, 0 0, 0 100%,
				literal("from(") white literal(")"), literal("color-stop(") 25%, white
				literal(")"), literal("to(") #E6E6E6 literal(")") literal(")");
			background-image: literal("-webkit-linear-gradient(") white, white 25%,
				#E6E6E6 literal(")");
			background-image: literal("-moz-linear-gradient(") top, white, white 25%,
				#E6E6E6 literal(")");
			background-image: literal("-ms-linear-gradient(") white, white 25%,
				#E6E6E6 literal(")");
			background-image: literal("-o-linear-gradient(") white, white 25%,
				#E6E6E6 literal(")");
			background-image: literal("linear-gradient(") white, white 25%, #E6E6E6
				literal(")");
			/*filter: progid:DXImageTransform.Microsoft.gradient(startColorstr='#ffffff',	endColorstr='#e6e6e6', GradientType=0 );*/
			text-shadow: 0 1px 1px rgba(255, 255, 255, 0.75);
			color: #333;
			font-size: 12px;
			font-weight: normal;
			line-height: normal;
			border: 1px solid #CCC;
			border-bottom-color: #BBB;
			-webkit-border-radius: 4px;
			-moz-border-radius: 4px;
			border-radius: 4px;
			-webkit-box-shadow: inset 0 1px 0 rgba(255, 255, 255, 0.2), 0 1px 2px
				rgba(0, 0, 0, 0.05);
			-moz-box-shadow: inset 0 1px 0 rgba(255, 255, 255, 0.2), 0 1px 2px
				rgba(0, 0, 0, 0.05);
			box-shadow: inset 0 1px 0 rgba(255, 255, 255, 0.2), 0 1px 2px
				rgba(0, 0, 0, 0.05);
			-webkit-transition: .1s linear all;
			-moz-transition: .1s linear all;
			-ms-transition: .1s linear all;
			-o-transition: .1s linear all;
			transition: .1s linear all;
			margin-right: 2px;
			padding: 2px 2px 2px 2px;
		}
		
		.Dynatable-Button-Search:hover {
			background-position: 0 -15px;
			color: #333;
			text-decoration: none;
		}
		
		.Dynatable-Button-Panel {
			padding-top: 5px;
			/*padding-bottom: 2px;*/
			/*margin-left: 2px;*/
		}
	</ui:style>


	<g:VerticalPanel stylePrimaryName="{style.dynatable-filterPanel}"
		horizontalAlignment="left" verticalAlignment="middle">

		<g:VerticalPanel ui:field="filters"
			horizontalAlignment="left" verticalAlignment="middle" />

		<g:cell verticalAlignment="bottom">
			<g:HorizontalPanel stylePrimaryName="{style.Dynatable-Button-Panel}">
				<g:PushButton ui:field="filterButton"
					styleName="{style.Dynatable-Button-Search}" />
				<g:PushButton ui:field="cancelFilterButton"
					styleName="{style.Dynatable-Button-Search}" />
			</g:HorizontalPanel>
		</g:cell>


	</g:VerticalPanel>


</ui:UiBinder>