<?xml version="1.0" encoding="UTF-8"?> 
<!DOCTYPE module PUBLIC "-//Google Inc.//DTD Google Web Toolkit 1.7.0//EN" "http://google-web-toolkit.googlecode.com/svn/tags/1.7.0/distro-source/core/src/gwt-module.dtd">
	
<!-- The Imog module declaration -->
<module rename-to="imogadmin"> 
  
  	<!-- Inherit the core Web Toolkit stuff.-->  
	<inherits name='com.google.gwt.user.User' />
	<inherits name='com.google.gwt.editor.Editor' />
	<inherits name='com.google.gwt.logging.Logging' />
	<inherits name='com.google.web.bindery.requestfactory.RequestFactory' />
	<inherits name="com.google.gwt.i18n.I18N" />
    
	<!-- Other module inherits -->
	<inherits name="org.imogene.web.ImogBase" />
	<inherits name="org.imogene.lib.common.ImogeneCommon" />

  
	<!-- Module sources -->
	<source path="client"/>  
	<source path="shared"/>  
</module>
